InspectorId,Email,Username,PasswordHash,CreatedAt
79ac3c12-74b2-4ba6-a38e-edb40b8e84d6,inspector1@example.com,inspector1,hash-inspector,2025-11-17 16:41:20.312479+00:00
51a730df-9015-4e39-b0d2-69cc31bfe1c3,inspector2@example.com,inspector2,hash-inspector,2025-11-17 16:41:20.312479+00:00
ce7ec74e-4bed-4655-85d2-a08420fb77f9,inspector3@example.com,inspector3,hash-inspector,2025-11-17 16:41:20.312479+00:00
b218afa3-49d2-4241-9778-2e09539ffb1d,inspector4@example.com,inspector4,hash-inspector,2025-11-17 16:41:20.312479+00:00
d08740b4-eb97-48b1-956a-9d5bf40266be,inspector5@example.com,inspector5,hash-inspector,2025-11-17 16:41:20.312479+00:00
d5fb55b9-121b-49e7-a9b0-02bcb3605bb7,inspector6@example.com,inspector6,hash-inspector,2025-11-17 16:41:20.312479+00:00
6d22c637-be11-41fb-a286-8ac99801a806,inspector7@example.com,inspector7,hash-inspector,2025-11-17 16:41:20.312479+00:00
c563b581-6d94-4cab-a391-167d10f765f7,inspector8@example.com,inspector8,hash-inspector,2025-11-17 16:41:20.312479+00:00
ee067311-7ff0-48a3-99a4-445521c38a22,inspector9@example.com,inspector9,hash-inspector,2025-11-17 16:41:20.312479+00:00
0e77c50e-5a27-42d9-99da-15754c2d9a7f,inspector10@example.com,inspector10,hash-inspector,2025-11-17 16:41:20.312479+00:00
a2b69b9e-9184-4746-8c5a-3ac7bb176655,inspector11@example.com,inspector11,hash-inspector,2025-11-17 16:41:20.312479+00:00
266d8f18-d2d4-4d7d-ae79-bef79142af4b,inspector12@example.com,inspector12,hash-inspector,2025-11-17 16:41:20.312479+00:00
e76b4fd8-38ed-4bd3-840d-c93e82af7203,inspector13@example.com,inspector13,hash-inspector,2025-11-17 16:41:20.312479+00:00
5c01dbb6-d47d-4967-ac79-2b2d7f3c6f62,inspector14@example.com,inspector14,hash-inspector,2025-11-17 16:41:20.312479+00:00
1a1c6b5c-dfc6-4ae4-ab70-704adebcfcf9,inspector15@example.com,inspector15,hash-inspector,2025-11-17 16:41:20.312479+00:00
c08406c6-e676-4933-beca-7f29c2456619,inspector16@example.com,inspector16,hash-inspector,2025-11-17 16:41:20.312479+00:00
7149c963-dc61-409c-bef5-05a38544d01e,inspector17@example.com,inspector17,hash-inspector,2025-11-17 16:41:20.312479+00:00
77dc6d3e-5062-4fdd-96b2-0a7bdb6d898a,inspector18@example.com,inspector18,hash-inspector,2025-11-17 16:41:20.312479+00:00
a615531b-64bc-4b61-b5a2-1c4e8d56b054,inspector19@example.com,inspector19,hash-inspector,2025-11-17 16:41:20.312479+00:00
e45343c3-7fc2-4edd-abd6-1597a107d73c,inspector20@example.com,inspector20,hash-inspector,2025-11-17 16:41:20.312479+00:00
fc8551db-7834-4870-b9ff-e2fbd64b56e6,inspector21@example.com,inspector21,hash-inspector,2025-11-17 16:41:20.312479+00:00
c143a62a-01d4-4ba6-a1d2-bfee2c0e8ed5,inspector22@example.com,inspector22,hash-inspector,2025-11-17 16:41:20.312479+00:00
ef2a77cc-40b9-4168-b677-84f06677bcfb,inspector23@example.com,inspector23,hash-inspector,2025-11-17 16:41:20.312479+00:00
4a7d443d-42cf-44bc-aef1-bb4a936de092,inspector24@example.com,inspector24,hash-inspector,2025-11-17 16:41:20.312479+00:00
bab3b647-4163-4696-b1d2-0178f759c4ab,inspector25@example.com,inspector25,hash-inspector,2025-11-17 16:41:20.312479+00:00
d8fce31a-d06b-48b6-b5c5-4169995eceaf,inspector26@example.com,inspector26,hash-inspector,2025-11-17 16:41:20.312479+00:00
82e86da1-7983-4788-88e9-0c4d33974b93,inspector27@example.com,inspector27,hash-inspector,2025-11-17 16:41:20.312479+00:00
3719bfbb-b28f-482e-8e83-cfdb55b9dc08,inspector28@example.com,inspector28,hash-inspector,2025-11-17 16:41:20.312479+00:00
609c42ce-8e12-446f-8cfe-2ab53ae99fbd,inspector29@example.com,inspector29,hash-inspector,2025-11-17 16:41:20.312479+00:00
180f8da1-4a45-4e43-8618-fb6292ca77e2,inspector30@example.com,inspector30,hash-inspector,2025-11-17 16:41:20.312479+00:00
19b2b5c5-6793-4266-8fe1-29c8e21846e9,inspector31@example.com,inspector31,hash-inspector,2025-11-17 16:41:20.312479+00:00
7be68355-c12f-492e-9ee6-0463e2b240ca,inspector32@example.com,inspector32,hash-inspector,2025-11-17 16:41:20.312479+00:00
2bb20842-e423-41f0-9c81-41fd558d81f9,inspector33@example.com,inspector33,hash-inspector,2025-11-17 16:41:20.312479+00:00
c100cc15-8657-4de3-828b-ee6493c7845d,inspector34@example.com,inspector34,hash-inspector,2025-11-17 16:41:20.312479+00:00
849961db-2081-4318-99c6-774beb6614c9,inspector35@example.com,inspector35,hash-inspector,2025-11-17 16:41:20.312479+00:00
d1191f90-4b0c-436d-99fa-7c1c80094c84,inspector36@example.com,inspector36,hash-inspector,2025-11-17 16:41:20.312479+00:00
ef9d44c9-14c0-4d54-b085-66529637db4e,inspector37@example.com,inspector37,hash-inspector,2025-11-17 16:41:20.312479+00:00
739e9545-97ec-41ea-a963-b173ff4b9503,inspector38@example.com,inspector38,hash-inspector,2025-11-17 16:41:20.312479+00:00
9eb396db-1f3a-4d12-9e15-69bf2f6a2e86,inspector39@example.com,inspector39,hash-inspector,2025-11-17 16:41:20.312479+00:00
b5102566-96d6-419d-bed1-b653964947b5,inspector40@example.com,inspector40,hash-inspector,2025-11-17 16:41:20.312479+00:00
f481c804-e784-4f4f-bb4f-d53fbbdaefd5,inspector41@example.com,inspector41,hash-inspector,2025-11-17 16:41:20.312479+00:00
8e9b3b22-3b1a-41cc-983b-68813d557f29,inspector42@example.com,inspector42,hash-inspector,2025-11-17 16:41:20.312479+00:00
9046b666-6972-4529-ba5a-fa26822fc1ff,inspector43@example.com,inspector43,hash-inspector,2025-11-17 16:41:20.312479+00:00
f54f9e2d-ee9e-4d3a-aed9-9bafde873065,inspector44@example.com,inspector44,hash-inspector,2025-11-17 16:41:20.312479+00:00
e5783024-9426-4813-aee9-da9a2b1f2330,inspector45@example.com,inspector45,hash-inspector,2025-11-17 16:41:20.312479+00:00
ab92b301-7ad1-4e06-ad0c-f466bbffe607,inspector46@example.com,inspector46,hash-inspector,2025-11-17 16:41:20.312479+00:00
beef324e-d5ca-4a2d-a6e4-40273f1d1939,inspector47@example.com,inspector47,hash-inspector,2025-11-17 16:41:20.312479+00:00
f1b011bf-ad35-41f2-aef5-458e8feaeaf6,inspector48@example.com,inspector48,hash-inspector,2025-11-17 16:41:20.312479+00:00
1e66f01c-2cbe-4779-baae-a6f6228f55d0,inspector49@example.com,inspector49,hash-inspector,2025-11-17 16:41:20.312479+00:00
4dc51f48-1794-4992-9e93-3ed177f9367f,inspector50@example.com,inspector50,hash-inspector,2025-11-17 16:41:20.312479+00:00
27cda531-56bf-4147-a6a3-80bdd05c16d5,inspector51@example.com,inspector51,hash-inspector,2025-11-17 16:41:20.312479+00:00
9d432562-3143-4608-a93d-09d973525836,inspector52@example.com,inspector52,hash-inspector,2025-11-17 16:41:20.312479+00:00
df887bfd-8e15-4cf0-bca2-1021d853ff40,inspector53@example.com,inspector53,hash-inspector,2025-11-17 16:41:20.312479+00:00
627472d3-193e-4c1d-abb3-49f77f3987e8,inspector54@example.com,inspector54,hash-inspector,2025-11-17 16:41:20.312479+00:00
ed50ca53-6646-4a86-bf07-db79009e101c,inspector55@example.com,inspector55,hash-inspector,2025-11-17 16:41:20.312479+00:00
78b39a72-8c85-4325-9c2c-bd5bae1225cf,inspector56@example.com,inspector56,hash-inspector,2025-11-17 16:41:20.312479+00:00
afd780ae-0879-4507-b022-793854ae072a,inspector57@example.com,inspector57,hash-inspector,2025-11-17 16:41:20.312479+00:00
719b9b31-50cf-4b53-b935-032889c60414,inspector58@example.com,inspector58,hash-inspector,2025-11-17 16:41:20.312479+00:00
6cb53e0f-27c7-4f23-a847-611994ddcfc4,inspector59@example.com,inspector59,hash-inspector,2025-11-17 16:41:20.312479+00:00
eb5c5274-927c-4b7d-a725-392b72795a3c,inspector60@example.com,inspector60,hash-inspector,2025-11-17 16:41:20.312479+00:00
c7b2984d-53aa-47c5-a154-fa096db74578,inspector61@example.com,inspector61,hash-inspector,2025-11-17 16:41:20.312479+00:00
8104a2de-a50b-42e8-9618-526a17b269b1,inspector62@example.com,inspector62,hash-inspector,2025-11-17 16:41:20.312479+00:00
94c2c4ae-e25f-4131-ad4f-edf38118c98a,inspector63@example.com,inspector63,hash-inspector,2025-11-17 16:41:20.312479+00:00
55f170a2-299d-4f18-bb37-460c7dd72f3d,inspector64@example.com,inspector64,hash-inspector,2025-11-17 16:41:20.312479+00:00
c6f6f8cd-1283-4b7b-8b9a-a031845b37b8,inspector65@example.com,inspector65,hash-inspector,2025-11-17 16:41:20.312479+00:00
82e64e8e-d0a7-463a-8719-7c8482da9c1f,inspector66@example.com,inspector66,hash-inspector,2025-11-17 16:41:20.312479+00:00
fb992455-2f53-4510-b770-216856a59d84,inspector67@example.com,inspector67,hash-inspector,2025-11-17 16:41:20.312479+00:00
7ff63396-c8b7-452f-a3ad-ff9fc8798ae9,inspector68@example.com,inspector68,hash-inspector,2025-11-17 16:41:20.312479+00:00
19cfe832-dfe0-4f7c-a91d-2b8f4651faae,inspector69@example.com,inspector69,hash-inspector,2025-11-17 16:41:20.312479+00:00
6a319b42-3574-44b5-996b-efcf48b73fa1,inspector70@example.com,inspector70,hash-inspector,2025-11-17 16:41:20.312479+00:00
ec9ae047-2404-4248-90ef-3089fbc2f552,inspector71@example.com,inspector71,hash-inspector,2025-11-17 16:41:20.312479+00:00
a8528003-409d-471c-808d-561699dfc4ff,inspector72@example.com,inspector72,hash-inspector,2025-11-17 16:41:20.312479+00:00
1d2bdf96-ab0c-4465-b79a-20cb33bfa0ee,inspector73@example.com,inspector73,hash-inspector,2025-11-17 16:41:20.312479+00:00
9d22858c-f352-4e6e-be52-9379858cb754,inspector74@example.com,inspector74,hash-inspector,2025-11-17 16:41:20.312479+00:00
3fac3306-5acc-4813-9d8d-03b023db5629,inspector75@example.com,inspector75,hash-inspector,2025-11-17 16:41:20.312479+00:00
0c00a84d-3b1f-459d-b189-2f664ccfa7d8,inspector76@example.com,inspector76,hash-inspector,2025-11-17 16:41:20.312479+00:00
fa15f69f-e7a3-400f-ba62-30a6906a8d3f,inspector77@example.com,inspector77,hash-inspector,2025-11-17 16:41:20.312479+00:00
e0e7047b-cbb7-468e-b710-0f070aeafb57,inspector78@example.com,inspector78,hash-inspector,2025-11-17 16:41:20.312479+00:00
5a94a518-9bb8-4696-8fd9-2bebe08a2615,inspector79@example.com,inspector79,hash-inspector,2025-11-17 16:41:20.312479+00:00
bb9d7cbb-13fe-4f94-bbfe-fc8df9b4f539,inspector80@example.com,inspector80,hash-inspector,2025-11-17 16:41:20.312479+00:00
c7d6e7d4-2695-443b-b462-05fefbd77c29,inspector81@example.com,inspector81,hash-inspector,2025-11-17 16:41:20.312479+00:00
1dec6d12-2b75-4a5e-8ea1-6f0e17ccc617,inspector82@example.com,inspector82,hash-inspector,2025-11-17 16:41:20.312479+00:00
aa4b3d6d-15d4-4965-bc1b-dcdad5bf7a49,inspector83@example.com,inspector83,hash-inspector,2025-11-17 16:41:20.312479+00:00
294e0f07-3b9e-469e-8048-82e091a930ec,inspector84@example.com,inspector84,hash-inspector,2025-11-17 16:41:20.312479+00:00
80ba25af-8ce0-448e-b7cb-eaafd93e30fd,inspector85@example.com,inspector85,hash-inspector,2025-11-17 16:41:20.312479+00:00
7cc8e278-be62-4c7f-a732-405ac9fce39b,inspector86@example.com,inspector86,hash-inspector,2025-11-17 16:41:20.312479+00:00
1c64cd32-facf-48dd-8285-6c04742770f2,inspector87@example.com,inspector87,hash-inspector,2025-11-17 16:41:20.312479+00:00
146c7ffc-3198-43eb-9f9e-db9c724e0997,inspector88@example.com,inspector88,hash-inspector,2025-11-17 16:41:20.312479+00:00
f3bce387-c44d-4bfd-810e-c44a3531fe4e,inspector89@example.com,inspector89,hash-inspector,2025-11-17 16:41:20.312479+00:00
514458ea-cd6a-41f9-b652-d7684832f5d4,inspector90@example.com,inspector90,hash-inspector,2025-11-17 16:41:20.312479+00:00
4131d0ba-9937-4fb1-8059-0fe30b8b918a,inspector91@example.com,inspector91,hash-inspector,2025-11-17 16:41:20.312479+00:00
b341086f-074a-4696-8ffd-887c1b38f40a,inspector92@example.com,inspector92,hash-inspector,2025-11-17 16:41:20.312479+00:00
382bf3bf-4463-43e7-bfee-7094ddeaea66,inspector93@example.com,inspector93,hash-inspector,2025-11-17 16:41:20.312479+00:00
85fe9ce4-34b5-4fcc-a3ad-e06edb33245e,inspector94@example.com,inspector94,hash-inspector,2025-11-17 16:41:20.312479+00:00
cbd3d215-6d8b-4670-8e39-4404042682a1,inspector95@example.com,inspector95,hash-inspector,2025-11-17 16:41:20.312479+00:00
26a8b79a-8ded-4f31-be55-da2904663f45,inspector96@example.com,inspector96,hash-inspector,2025-11-17 16:41:20.312479+00:00
103bb568-8a2e-443a-8ec8-84b5c7c87421,inspector97@example.com,inspector97,hash-inspector,2025-11-17 16:41:20.312479+00:00
0d951c18-74a2-429a-aba5-233542808d69,inspector98@example.com,inspector98,hash-inspector,2025-11-17 16:41:20.312479+00:00
873aa8ab-8ef8-4fbe-b0a5-dbb2730c491d,inspector99@example.com,inspector99,hash-inspector,2025-11-17 16:41:20.312479+00:00
291d91dc-a0c5-4e17-ac10-9898ef4694a9,inspector100@example.com,inspector100,hash-inspector,2025-11-17 16:41:20.312479+00:00
